duration,protocol_type,src_bytes,dst_bytes,flag,label
2,tcp,1485,1484,SF,0
23,icmp,2907,358,REJ,2
86,tcp,9831,239,S0,1
18,icmp,2929,2913,SF,0
5,udp,556,344,SF,3
52,tcp,9288,483,S0,1
77,tcp,9737,313,S0,1
67,tcp,7870,342,S0,1
27,icmp,1503,628,REJ,2
39,icmp,1198,542,REJ,2
41,icmp,1797,245,REJ,2
37,tcp,4471,3,REJ,4
59,tcp,6581,20,S0,1
76,tcp,5815,265,S0,1
16,udp,1919,488,SF,3
12,tcp,2261,2388,SF,0
24,udp,1783,418,SF,3
56,tcp,9902,71,S0,1
45,icmp,3499,441,REJ,2
33,icmp,3879,125,REJ,2
20,udp,1145,304,SF,0
42,icmp,1904,776,REJ,2
17,icmp,888,1545,SF,0
15,tcp,4958,275,REJ,4
96,tcp,8698,499,S0,1
14,udp,504,304,SF,3
13,udp,899,1769,SF,0
10,tcp,5509,42,REJ,4
4,icmp,1593,2776,SF,0
75,tcp,7977,196,S0,1
75,tcp,8926,166,S0,1
5,udp,1510,1407,SF,0
83,tcp,6963,78,S0,1
20,udp,2784,1132,SF,0
100,tcp,8935,37,S0,1
24,udp,1171,354,SF,3
33,icmp,2355,438,REJ,2
24,udp,1909,233,SF,3
49,icmp,3948,632,REJ,2
63,tcp,6762,30,S0,1
15,tcp,812,2763,SF,0
21,tcp,5050,41,REJ,4
14,udp,1401,444,SF,3
17,icmp,2670,1979,SF,0
5,udp,1622,988,SF,0
59,tcp,5144,460,S0,1
18,udp,2244,2584,SF,0
6,icmp,2336,1176,SF,0
93,tcp,6891,436,S0,1
83,tcp,6607,349,S0,1
2,icmp,909,2185,SF,0
2,udp,2561,490,SF,0
74,tcp,5549,76,S0,1
4,tcp,2415,2352,SF,0
18,icmp,1198,1101,SF,0
45,icmp,1323,906,REJ,2
94,tcp,9322,86,S0,1
8,udp,2389,2905,SF,0
46,icmp,2446,945,REJ,2
16,icmp,811,1395,SF,0
1,udp,1079,1601,SF,0
25,icmp,3753,569,REJ,2
9,icmp,1357,1884,SF,0
8,udp,388,2093,SF,0
24,icmp,1218,192,REJ,2
19,tcp,1593,177,SF,0
49,icmp,1084,611,REJ,2
32,icmp,3037,738,REJ,2
24,udp,1302,261,SF,3
7,icmp,586,2100,SF,0
7,tcp,231,2334,SF,0
84,tcp,5961,67,S0,1
9,tcp,2667,1738,SF,0
16,tcp,477,2174,SF,0
26,icmp,2626,836,REJ,2
4,tcp,2901,2714,SF,0
8,tcp,126,1069,SF,0
39,icmp,3936,785,REJ,2
14,tcp,4871,97,REJ,4
12,tcp,2671,1723,SF,0
86,tcp,6575,254,S0,1
76,tcp,6363,345,S0,1
18,udp,1875,2794,SF,0
10,tcp,715,2075,SF,0
7,icmp,1877,2546,SF,0
7,icmp,2202,2125,SF,0
26,icmp,1023,585,REJ,2
9,udp,124,517,SF,0
15,tcp,2392,2897,SF,0
70,tcp,6024,474,S0,1
38,icmp,2150,840,REJ,2
14,icmp,172,323,SF,0
33,icmp,3506,355,REJ,2
67,tcp,9436,171,S0,1
12,udp,1088,139,SF,3
9,udp,2807,1935,SF,0
8,icmp,146,242,SF,0
18,udp,1342,374,SF,0
9,udp,1509,487,SF,3
23,udp,1130,225,SF,3
26,udp,963,491,SF,3
10,udp,1169,198,SF,3
32,icmp,1041,461,REJ,2
15,udp,687,372,SF,3
4,udp,503,1140,SF,0
8,tcp,1754,2474,SF,0
8,udp,1751,2078,SF,0
33,icmp,1127,316,REJ,2
5,udp,1071,107,SF,0
1,tcp,334,2555,SF,0
5,udp,1618,314,SF,0
8,icmp,805,710,SF,0
23,icmp,3011,623,REJ,2
11,udp,1980,272,SF,3
10,icmp,242,136,SF,0
26,udp,1190,134,SF,3
18,tcp,858,307,SF,0
13,udp,142,2839,SF,0
67,tcp,7159,97,S0,1
76,tcp,7740,54,S0,1
47,icmp,3235,261,REJ,2
96,tcp,9612,351,S0,1
15,tcp,2771,2618,SF,0
4,icmp,2811,747,SF,0
17,tcp,334,305,SF,0
94,tcp,7446,480,S0,1
37,tcp,3974,14,REJ,4
19,tcp,2636,2928,SF,0
14,icmp,809,1700,SF,0
13,icmp,1917,1225,SF,0
30,udp,779,488,SF,3
12,tcp,4149,119,REJ,4
18,icmp,2631,1473,SF,0
10,icmp,556,1527,SF,0
15,udp,835,2844,SF,0
26,icmp,2542,235,REJ,2
4,udp,2537,1491,SF,0
87,tcp,5788,246,S0,1
89,tcp,8927,387,S0,1
11,udp,1201,388,SF,3
4,icmp,2144,1207,SF,0
71,tcp,6012,256,S0,1
91,tcp,5015,420,S0,1
90,tcp,8820,85,S0,1
4,icmp,2608,885,SF,0
24,udp,861,332,SF,3
13,udp,1299,759,SF,0
8,icmp,1108,319,SF,0
8,tcp,2929,2562,SF,0
19,udp,2645,734,SF,0
21,udp,1520,488,SF,3
77,tcp,5902,282,S0,1
8,icmp,2103,1104,SF,0
3,icmp,2557,2446,SF,0
48,icmp,1922,267,REJ,2
7,udp,1425,450,SF,3
39,tcp,4156,203,REJ,4
2,icmp,1351,1914,SF,0
15,udp,1615,256,SF,0
44,icmp,3109,134,REJ,2
21,udp,1164,309,SF,3
18,tcp,2955,1106,SF,0
16,tcp,2577,1853,SF,0
33,icmp,3497,148,REJ,2
3,icmp,1593,1051,SF,0
72,tcp,6558,264,S0,1
10,tcp,3127,183,REJ,4
12,icmp,2081,717,SF,0
47,icmp,2715,689,REJ,2
64,tcp,7296,461,S0,1
32,icmp,1407,614,REJ,2
18,tcp,2725,232,REJ,4
5,icmp,2580,1329,SF,0
97,tcp,6762,479,S0,1
10,tcp,5201,92,REJ,4
29,udp,1382,303,SF,3
2,icmp,1446,2367,SF,0
52,tcp,7711,163,S0,1
6,udp,2991,2088,SF,0
11,icmp,2535,1998,SF,0
15,udp,1876,205,SF,3
12,icmp,746,1312,SF,0
20,icmp,3972,819,REJ,2
13,udp,832,2312,SF,0
28,icmp,1542,682,REJ,2
13,icmp,1246,666,SF,0
4,udp,699,1873,SF,0
55,tcp,7395,48,S0,1
62,tcp,8740,37,S0,1
10,tcp,4858,91,REJ,4
12,udp,1410,1096,SF,0
17,tcp,701,505,SF,0
100,tcp,9175,452,S0,1
18,tcp,526,1692,SF,0
76,tcp,8572,236,S0,1
40,icmp,2251,164,REJ,2
9,udp,2682,2736,SF,0
95,tcp,9655,462,S0,1
6,icmp,1143,2252,SF,0
28,tcp,4988,83,REJ,4
100,tcp,9152,62,S0,1
14,tcp,3438,11,REJ,4
7,udp,1377,448,SF,3
11,udp,1710,2315,SF,0
16,udp,1334,222,SF,3
62,tcp,6681,444,S0,1
18,udp,876,441,SF,3
3,icmp,2605,586,SF,0
23,icmp,2520,386,REJ,2
15,udp,1491,462,SF,3
12,icmp,2193,316,SF,0
4,icmp,335,2227,SF,0
1,tcp,1616,2586,SF,0
13,icmp,2163,1826,SF,0
5,udp,1039,185,SF,0
48,icmp,3598,361,REJ,2
6,udp,1551,1294,SF,0
9,icmp,1284,2700,SF,0
4,udp,2343,2121,SF,0
47,icmp,2887,745,REJ,2
9,tcp,1987,2859,SF,0
61,tcp,7645,328,S0,1
23,icmp,2969,270,REJ,2
11,udp,1742,322,SF,3
76,tcp,8026,244,S0,1
15,tcp,2960,241,REJ,4
14,udp,1653,385,SF,3
11,icmp,977,1014,SF,0
73,tcp,7643,300,S0,1
26,udp,829,239,SF,3
54,tcp,7968,189,S0,1
16,udp,1488,405,SF,3
27,tcp,4777,144,REJ,4
87,tcp,5978,358,S0,1
4,udp,808,1723,SF,0
19,udp,1290,2140,SF,0
3,tcp,1867,2220,SF,0
90,tcp,5317,317,S0,1
1,tcp,2127,1947,SF,0
68,tcp,6734,438,S0,1
19,udp,1251,2522,SF,0
61,tcp,8405,182,S0,1
20,tcp,2201,2048,SF,0
6,udp,501,240,SF,3
19,udp,1962,213,SF,3
12,icmp,2317,1206,SF,0
31,tcp,4560,220,REJ,4
86,tcp,6396,7,S0,1
19,tcp,5753,93,REJ,4
40,icmp,3032,161,REJ,2
49,icmp,1701,704,REJ,2
16,icmp,1766,742,SF,0
14,tcp,2541,1172,SF,0
62,tcp,7127,253,S0,1
49,icmp,1867,727,REJ,2
49,icmp,1519,342,REJ,2
26,icmp,1520,825,REJ,2
1,tcp,2032,1218,SF,0
2,udp,611,2093,SF,0
16,icmp,1037,535,SF,0
44,icmp,3394,351,REJ,2
28,icmp,1187,738,REJ,2
11,udp,308,2557,SF,0
36,icmp,3173,117,REJ,2
7,tcp,2982,2871,SF,0
14,tcp,4761,109,REJ,4
68,tcp,8373,305,S0,1
29,icmp,2702,456,REJ,2
15,tcp,2387,334,SF,0
45,icmp,1887,170,REJ,2
28,tcp,3493,15,REJ,4
6,udp,321,828,SF,0
15,icmp,976,2503,SF,0
41,icmp,2113,124,REJ,2
6,icmp,602,2476,SF,0
82,tcp,8920,291,S0,1
84,tcp,9635,88,S0,1
13,udp,598,2497,SF,0
21,udp,1937,320,SF,3
22,udp,1529,407,SF,3
20,udp,2463,598,SF,0
44,icmp,1662,85,REJ,2
49,icmp,2124,586,REJ,2
20,udp,2865,1230,SF,0
52,tcp,8048,488,S0,1
9,udp,1230,369,SF,3
19,icmp,2071,1630,SF,0
14,tcp,1393,863,SF,0
7,udp,1629,2070,SF,0
21,icmp,1586,801,REJ,2
40,icmp,3699,776,REJ,2
5,udp,860,357,SF,3
89,tcp,9076,411,S0,1
1,udp,686,1400,SF,0
53,tcp,6713,237,S0,1
81,tcp,6013,83,S0,1
3,tcp,732,622,SF,0
3,tcp,2364,2690,SF,0
45,icmp,1448,517,REJ,2
10,tcp,182,708,SF,0
24,tcp,2552,188,REJ,4
18,tcp,2828,1113,SF,0
14,tcp,2459,1051,SF,0
11,tcp,4966,59,REJ,4
71,tcp,7987,127,S0,1
3,icmp,2129,553,SF,0
9,icmp,2565,215,SF,0
21,tcp,4523,196,REJ,4
4,tcp,1842,636,SF,0
8,udp,673,352,SF,3
1,udp,2317,2277,SF,0
37,tcp,5262,291,REJ,4
52,tcp,9275,377,S0,1
56,tcp,6996,60,S0,1
58,tcp,9598,191,S0,1
33,icmp,2127,230,REJ,2
36,icmp,2305,980,REJ,2
23,udp,619,320,SF,3
34,tcp,5339,279,REJ,4
20,udp,1346,1605,SF,0
50,tcp,7354,42,S0,1
91,tcp,5379,71,S0,1
84,tcp,5015,413,S0,1
99,tcp,9602,2,S0,1
22,icmp,2412,556,REJ,2
34,icmp,2635,409,REJ,2
80,tcp,6740,9,S0,1
17,tcp,1676,1101,SF,0
1,icmp,596,1399,SF,0
40,tcp,5107,113,REJ,4
99,tcp,6643,427,S0,1
78,tcp,5773,50,S0,1
25,icmp,3914,506,REJ,2
38,tcp,2676,202,REJ,4
7,udp,1779,305,SF,3
52,tcp,5870,240,S0,1
39,tcp,2419,134,REJ,4
24,udp,1216,397,SF,3
41,icmp,2610,652,REJ,2
65,tcp,9094,405,S0,1
70,tcp,5344,102,S0,1
18,udp,1381,260,SF,3
27,icmp,1495,939,REJ,2
25,udp,540,193,SF,3
92,tcp,7863,445,S0,1
24,icmp,1615,803,REJ,2
17,icmp,2493,441,SF,0
70,tcp,5150,197,S0,1
30,tcp,2967,168,REJ,4
40,icmp,3256,115,REJ,2
12,udp,351,566,SF,0
36,tcp,2355,122,REJ,4
12,icmp,2533,253,SF,0
93,tcp,8357,325,S0,1
14,udp,2134,782,SF,0
6,udp,920,2372,SF,0
44,icmp,2329,193,REJ,2
17,tcp,2139,2993,SF,0
13,icmp,2268,509,SF,0
37,tcp,3464,154,REJ,4
30,icmp,3516,405,REJ,2
19,tcp,2338,1223,SF,0
96,tcp,7265,377,S0,1
24,icmp,3246,629,REJ,2
20,tcp,2253,1836,SF,0
10,icmp,903,629,SF,0
14,icmp,130,2281,SF,0
14,tcp,4452,194,REJ,4
5,tcp,2152,1765,SF,0
25,udp,1735,182,SF,3
74,tcp,9155,311,S0,1
90,tcp,7152,358,S0,1
39,icmp,3448,424,REJ,2
13,udp,1583,205,SF,3
22,tcp,4062,21,REJ,4
11,tcp,3346,32,REJ,4
53,tcp,9828,372,S0,1
65,tcp,8280,70,S0,1
1,udp,1243,2673,SF,0
1,tcp,1409,583,SF,0
10,udp,108,2059,SF,0
58,tcp,7049,429,S0,1
14,udp,1768,2401,SF,0
27,icmp,3481,122,REJ,2
14,udp,2208,2367,SF,0
11,udp,1336,462,SF,3
29,icmp,2135,773,REJ,2
73,tcp,6745,291,S0,1
17,udp,878,499,SF,3
29,udp,1318,288,SF,3
29,udp,812,111,SF,3
86,tcp,8404,2,S0,1
12,udp,2980,1215,SF,0
88,tcp,6275,368,S0,1
13,tcp,238,2703,SF,0
6,tcp,2692,142,SF,0
3,udp,2180,2516,SF,0
50,icmp,2616,255,REJ,2
72,tcp,5819,82,S0,1
13,udp,1637,1780,SF,0
29,udp,1681,240,SF,3
82,tcp,6266,244,S0,1
50,tcp,5545,485,S0,1
6,tcp,1323,1752,SF,0
13,udp,999,2395,SF,0
61,tcp,7626,137,S0,1
46,icmp,2141,138,REJ,2
3,tcp,2648,1546,SF,0
25,tcp,2222,116,REJ,4
44,icmp,3678,643,REJ,2
19,icmp,1960,2174,SF,0
17,udp,2555,2315,SF,0
10,icmp,472,1862,SF,0
95,tcp,5368,210,S0,1
33,tcp,4867,21,REJ,4
5,icmp,1736,2514,SF,0
10,icmp,100,1420,SF,0
81,tcp,9047,413,S0,1
28,icmp,1263,198,REJ,2
11,tcp,2146,2972,SF,0
17,tcp,2237,763,SF,0
66,tcp,5286,451,S0,1
34,icmp,1964,608,REJ,2
6,udp,1097,246,SF,3
99,tcp,8937,294,S0,1
36,icmp,2160,917,REJ,2
1,tcp,2031,131,SF,0
49,icmp,1640,835,REJ,2
15,tcp,2358,2847,SF,0
30,icmp,2853,237,REJ,2
11,udp,1631,357,SF,3
36,icmp,2915,398,REJ,2
20,udp,1694,2871,SF,0
30,icmp,2200,191,REJ,2
7,udp,1466,2599,SF,0
22,udp,1064,344,SF,3
13,icmp,2083,2291,SF,0
3,tcp,2348,1746,SF,0
9,udp,225,330,SF,0
10,tcp,354,574,SF,0
90,tcp,6171,247,S0,1
18,udp,1044,314,SF,3
12,tcp,4371,277,REJ,4
29,icmp,1355,328,REJ,2
15,udp,754,367,SF,3
37,tcp,3582,176,REJ,4
3,udp,1475,216,SF,0
21,udp,1784,214,SF,3
29,tcp,2984,143,REJ,4
49,icmp,3016,577,REJ,2
34,tcp,4583,276,REJ,4
58,tcp,9042,287,S0,1
20,tcp,5865,69,REJ,4
75,tcp,6168,484,S0,1
69,tcp,9987,11,S0,1
18,icmp,1243,598,SF,0
10,icmp,1283,507,SF,0
5,udp,2224,1833,SF,0
6,udp,547,167,SF,3
13,udp,1784,2857,SF,0
46,icmp,3161,199,REJ,2
65,tcp,7453,130,S0,1
5,tcp,812,2130,SF,0
7,udp,705,1301,SF,0
82,tcp,7687,78,S0,1
29,icmp,2016,411,REJ,2
59,tcp,6614,497,S0,1
7,icmp,1980,2102,SF,0
57,tcp,9210,149,S0,1
26,icmp,2251,969,REJ,2
10,udp,1598,479,SF,3
7,udp,780,1343,SF,0
75,tcp,5621,267,S0,1
96,tcp,7747,82,S0,1
29,icmp,3659,539,REJ,2
44,icmp,3158,825,REJ,2
16,tcp,2397,2211,SF,0
65,tcp,5888,100,S0,1
12,udp,2007,1083,SF,0
20,tcp,203,2717,SF,0
23,icmp,1671,279,REJ,2
15,icmp,146,112,SF,0
62,tcp,6849,67,S0,1
83,tcp,6767,427,S0,1
27,tcp,2480,274,REJ,4
84,tcp,6124,345,S0,1
19,udp,989,2501,SF,0
39,icmp,1379,789,REJ,2
7,tcp,1171,396,SF,0
9,tcp,2700,1024,SF,0
20,udp,1357,1986,SF,0
29,tcp,5729,215,REJ,4
3,tcp,2496,1544,SF,0
16,udp,535,120,SF,3
15,tcp,5942,51,REJ,4
95,tcp,8066,124,S0,1
31,icmp,3547,980,REJ,2
51,tcp,9200,288,S0,1
6,udp,1444,408,SF,3
77,tcp,5451,214,S0,1
14,tcp,4802,184,REJ,4
20,tcp,3106,137,REJ,4
62,tcp,7248,303,S0,1
12,udp,1889,352,SF,0
24,icmp,2506,467,REJ,2
55,tcp,5715,101,S0,1
93,tcp,5880,287,S0,1
1,icmp,2682,658,SF,0
43,icmp,2049,830,REJ,2
9,tcp,1422,2789,SF,0
28,icmp,1356,496,REJ,2
18,icmp,1441,2850,SF,0
16,udp,1773,225,SF,3
6,tcp,2839,2405,SF,0
9,udp,474,2499,SF,0
73,tcp,5638,259,S0,1
39,tcp,4532,28,REJ,4
5,udp,630,432,SF,3
49,icmp,3533,94,REJ,2
55,tcp,8799,8,S0,1
46,icmp,2801,130,REJ,2
18,tcp,364,201,SF,0
63,tcp,9516,455,S0,1
24,icmp,3666,918,REJ,2
8,udp,2256,429,SF,0
15,tcp,2106,273,SF,0
45,icmp,1486,922,REJ,2
12,udp,1974,146,SF,3
25,icmp,2042,779,REJ,2
7,udp,2599,1306,SF,0
23,tcp,5580,221,REJ,4
11,tcp,2847,2097,SF,0
10,icmp,1109,130,SF,0
30,icmp,1753,596,REJ,2
51,tcp,9975,393,S0,1
22,udp,1602,179,SF,3
13,tcp,2117,867,SF,0
31,icmp,3158,71,REJ,2
11,udp,1194,2119,SF,0
9,udp,2559,2729,SF,0
72,tcp,8642,202,S0,1
54,tcp,9179,155,S0,1
15,udp,1552,620,SF,0
20,icmp,3909,418,REJ,2
75,tcp,6636,132,S0,1
97,tcp,8256,184,S0,1
43,icmp,2098,597,REJ,2
16,tcp,2603,1811,SF,0
97,tcp,5817,415,S0,1
97,tcp,6493,379,S0,1
2,udp,336,1787,SF,0
37,tcp,2401,265,REJ,4
32,tcp,5563,90,REJ,4
14,udp,903,1165,SF,0
40,icmp,3834,194,REJ,2
30,udp,1747,282,SF,3
98,tcp,6784,62,S0,1
7,udp,1122,467,SF,3
26,udp,833,433,SF,3
20,udp,1713,293,SF,3
16,udp,1550,261,SF,3
3,tcp,1261,1401,SF,0
19,udp,2564,2542,SF,0
45,icmp,2588,919,REJ,2
60,tcp,7389,98,S0,1
32,icmp,2276,963,REJ,2
17,tcp,3088,128,REJ,4
83,tcp,9980,13,S0,1
94,tcp,9857,443,S0,1
9,tcp,2753,1614,SF,0
45,icmp,3789,856,REJ,2
16,tcp,779,1857,SF,0
80,tcp,5416,334,S0,1
58,tcp,7405,323,S0,1
13,udp,683,116,SF,0
6,icmp,425,2686,SF,0
54,tcp,9023,70,S0,1
10,udp,2720,1090,SF,0
21,udp,1200,115,SF,3
96,tcp,5790,213,S0,1
18,udp,2450,2319,SF,0
12,udp,191,1607,SF,0
85,tcp,5347,440,S0,1
26,icmp,1661,543,REJ,2
35,icmp,2406,202,REJ,2
12,udp,2572,2055,SF,0
19,icmp,115,2439,SF,0
24,tcp,3516,181,REJ,4
17,tcp,1624,2078,SF,0
3,tcp,1314,2662,SF,0
28,udp,1783,289,SF,3
20,udp,1409,255,SF,3
2,tcp,1070,2173,SF,0
34,tcp,5914,226,REJ,4
48,icmp,3409,176,REJ,2
53,tcp,6764,465,S0,1
10,tcp,1611,2597,SF,0
98,tcp,5354,4,S0,1
6,udp,867,2206,SF,0
100,tcp,5506,184,S0,1
29,udp,1426,383,SF,3
10,udp,1172,350,SF,3
9,udp,2687,444,SF,0
13,udp,1210,512,SF,0
47,icmp,1572,365,REJ,2
71,tcp,6851,82,S0,1
25,tcp,5341,140,REJ,4
20,icmp,1349,1299,SF,0
17,tcp,2861,1890,SF,0
87,tcp,8758,326,S0,1
87,tcp,9359,361,S0,1
7,icmp,1218,1135,SF,0
18,udp,780,394,SF,3
81,tcp,5226,172,S0,1
83,tcp,8467,354,S0,1
24,tcp,5596,262,REJ,4
10,udp,1919,279,SF,3
25,tcp,4704,246,REJ,4
2,icmp,140,2684,SF,0
5,udp,2180,2109,SF,0
7,tcp,741,2131,SF,0
13,udp,431,2001,SF,0
10,tcp,1743,1655,SF,0
75,tcp,9222,368,S0,1
33,tcp,5112,80,REJ,4
72,tcp,5562,424,S0,1
22,icmp,1424,786,REJ,2
4,udp,1658,1922,SF,0
17,udp,2455,440,SF,0
9,icmp,1666,2897,SF,0
1,udp,1172,143,SF,0
4,udp,1042,1965,SF,0
53,tcp,6915,106,S0,1
8,udp,1977,2238,SF,0
48,icmp,2089,379,REJ,2
1,udp,656,1587,SF,0
89,tcp,5417,310,S0,1
77,tcp,7778,363,S0,1
53,tcp,6841,161,S0,1
16,icmp,2011,2513,SF,0
16,tcp,2364,152,SF,0
21,tcp,5782,225,REJ,4
62,tcp,5342,79,S0,1
53,tcp,5685,167,S0,1
58,tcp,8188,40,S0,1
17,icmp,295,281,SF,0
5,icmp,499,1771,SF,0
80,tcp,8715,40,S0,1
14,udp,888,1006,SF,0
2,tcp,2957,872,SF,0
13,icmp,2660,2049,SF,0
21,icmp,1469,994,REJ,2
12,icmp,2475,816,SF,0
6,udp,825,456,SF,3
3,tcp,1520,2385,SF,0
23,icmp,2899,918,REJ,2
27,tcp,4029,185,REJ,4
58,tcp,6753,257,S0,1
16,udp,2806,332,SF,0
96,tcp,5288,277,S0,1
27,udp,1153,153,SF,3
94,tcp,8883,125,S0,1
16,icmp,1228,2788,SF,0
7,udp,1790,217,SF,3
74,tcp,6724,488,S0,1
70,tcp,6407,114,S0,1
99,tcp,7274,282,S0,1
88,tcp,7186,318,S0,1
98,tcp,5466,366,S0,1
91,tcp,5328,429,S0,1
6,udp,655,390,SF,3
97,tcp,6170,119,S0,1
2,udp,1163,1344,SF,0
82,tcp,5485,418,S0,1
27,icmp,3667,639,REJ,2
61,tcp,7439,175,S0,1
45,icmp,3824,881,REJ,2
15,icmp,1895,2497,SF,0
37,icmp,1642,538,REJ,2
18,tcp,5586,282,REJ,4
12,udp,979,255,SF,3
63,tcp,7130,438,S0,1
11,icmp,2812,2237,SF,0
6,udp,1212,326,SF,3
15,icmp,2344,1936,SF,0
87,tcp,5542,325,S0,1
44,icmp,2937,547,REJ,2
15,tcp,2812,115,REJ,4
17,udp,1743,323,SF,3
6,icmp,2072,1771,SF,0
50,icmp,2844,496,REJ,2
20,udp,1238,294,SF,3
10,tcp,2232,2303,SF,0
11,tcp,2094,267,REJ,4
76,tcp,9000,463,S0,1
23,icmp,3197,183,REJ,2
28,icmp,2626,800,REJ,2
19,udp,2834,130,SF,0
56,tcp,9275,370,S0,1
47,icmp,2879,390,REJ,2
1,tcp,2663,1314,SF,0
86,tcp,6950,266,S0,1
7,tcp,2448,2364,SF,0
18,udp,602,1890,SF,0
72,tcp,7253,387,S0,1
19,tcp,5030,299,REJ,4
34,tcp,4772,74,REJ,4
42,icmp,3575,860,REJ,2
13,tcp,4333,85,REJ,4
7,icmp,2039,188,SF,0
14,tcp,1072,600,SF,0
6,udp,918,282,SF,3
31,tcp,4517,237,REJ,4
11,icmp,2170,1939,SF,0
38,icmp,2655,748,REJ,2
12,icmp,353,493,SF,0
86,tcp,6387,303,S0,1
4,tcp,1865,2687,SF,0
19,udp,1207,2285,SF,0
13,udp,1508,255,SF,3
29,icmp,2691,968,REJ,2
17,tcp,2467,1282,SF,0
2,icmp,2003,1973,SF,0
60,tcp,5332,212,S0,1
50,tcp,5727,371,S0,1
12,icmp,2902,128,SF,0
11,udp,213,144,SF,0
50,tcp,5430,89,S0,1
8,tcp,851,343,SF,0
30,udp,676,194,SF,3
14,udp,1136,406,SF,3
18,tcp,4236,221,REJ,4
14,udp,1287,372,SF,3
38,icmp,3309,89,REJ,2
9,icmp,1441,258,SF,0
68,tcp,9614,251,S0,1
30,tcp,2671,4,REJ,4
46,icmp,3411,139,REJ,2
90,tcp,7549,472,S0,1
15,icmp,1409,340,SF,0
20,tcp,619,849,SF,0
22,udp,516,434,SF,3
86,tcp,5045,403,S0,1
93,tcp,8411,9,S0,1
1,udp,1903,495,SF,0
25,icmp,3782,975,REJ,2
98,tcp,6824,373,S0,1
14,icmp,1466,1095,SF,0
11,tcp,1916,589,SF,0
19,icmp,2376,1664,SF,0
28,tcp,3058,219,REJ,4
8,icmp,1140,822,SF,0
62,tcp,6648,248,S0,1
26,icmp,3324,667,REJ,2
1,udp,2709,2097,SF,0
26,udp,1265,362,SF,3
14,udp,1210,1557,SF,0
3,tcp,2071,1333,SF,0
18,icmp,1256,2800,SF,0
18,udp,794,478,SF,0
45,icmp,3601,279,REJ,2
7,icmp,532,2672,SF,0
23,tcp,4901,139,REJ,4
55,tcp,8477,82,S0,1
11,icmp,1236,1117,SF,0
17,udp,1082,458,SF,3
50,tcp,9872,326,S0,1
4,tcp,1005,630,SF,0
47,icmp,1758,117,REJ,2
4,icmp,2114,2859,SF,0
11,tcp,4022,267,REJ,4
6,icmp,232,1323,SF,0
9,udp,1918,376,SF,3
68,tcp,9493,35,S0,1
15,tcp,2986,2579,SF,0
91,tcp,6358,329,S0,1
16,tcp,125,2472,SF,0
9,udp,2105,1860,SF,0
70,tcp,8553,455,S0,1
33,icmp,2869,113,REJ,2
34,icmp,2478,537,REJ,2
78,tcp,6308,87,S0,1
6,udp,1297,1351,SF,0
15,udp,795,272,SF,0
15,udp,1636,121,SF,3
59,tcp,6797,99,S0,1
15,udp,979,339,SF,3
100,tcp,5078,233,S0,1
11,icmp,1396,1704,SF,0
53,tcp,6331,62,S0,1
13,icmp,1399,1687,SF,0
8,tcp,171,2395,SF,0
20,icmp,134,1969,SF,0
12,icmp,1598,1102,SF,0
56,tcp,9645,59,S0,1
11,udp,1195,750,SF,0
74,tcp,7383,271,S0,1
34,tcp,2157,220,REJ,4
19,icmp,201,1062,SF,0
4,icmp,1633,245,SF,0
22,icmp,3208,742,REJ,2
54,tcp,7350,8,S0,1
2,icmp,2784,1490,SF,0
18,tcp,1262,1801,SF,0
47,icmp,1930,90,REJ,2
91,tcp,6194,330,S0,1
4,tcp,415,2722,SF,0
43,icmp,2051,298,REJ,2
71,tcp,7921,431,S0,1
9,tcp,1694,2625,SF,0
17,tcp,338,645,SF,0
6,udp,863,1371,SF,0
21,icmp,3675,172,REJ,2
33,tcp,2378,213,REJ,4
5,udp,1983,378,SF,3
84,tcp,9375,344,S0,1
19,udp,1058,269,SF,3
43,icmp,1576,420,REJ,2
20,tcp,1399,1289,SF,0
19,tcp,2939,472,SF,0
90,tcp,7357,359,S0,1
81,tcp,6590,423,S0,1
47,icmp,2001,844,REJ,2
22,icmp,1812,558,REJ,2
35,tcp,4658,227,REJ,4
30,tcp,5605,250,REJ,4
5,icmp,1218,769,SF,0
13,udp,2326,219,SF,0
20,tcp,1609,2648,SF,0
4,icmp,1581,1165,SF,0
57,tcp,5809,167,S0,1
11,tcp,2995,1410,SF,0
20,udp,553,145,SF,3
30,udp,614,102,SF,3
9,tcp,522,764,SF,0
7,udp,1600,435,SF,3
7,icmp,1242,2564,SF,0
25,udp,590,129,SF,3
89,tcp,6515,193,S0,1
61,tcp,9350,103,S0,1
13,udp,1055,370,SF,3
85,tcp,9968,437,S0,1
62,tcp,9625,321,S0,1
28,icmp,2312,334,REJ,2
56,tcp,6192,151,S0,1
93,tcp,6557,266,S0,1
9,udp,416,2305,SF,0
16,icmp,754,1265,SF,0
20,udp,2621,2163,SF,0
67,tcp,7081,57,S0,1
11,tcp,1897,1478,SF,0
17,icmp,2871,1200,SF,0
10,udp,326,201,SF,0
21,icmp,3381,140,REJ,2
85,tcp,7078,387,S0,1
23,icmp,3655,776,REJ,2
35,icmp,1762,202,REJ,2
14,udp,169,2459,SF,0
4,tcp,2578,2398,SF,0
61,tcp,6060,133,S0,1
75,tcp,6772,202,S0,1
20,udp,2508,2982,SF,0
33,tcp,5613,152,REJ,4
14,tcp,2007,171,SF,0
20,icmp,125,891,SF,0
3,udp,253,2611,SF,0
96,tcp,7184,11,S0,1
29,udp,1742,320,SF,3
13,icmp,2678,1387,SF,0
55,tcp,7054,247,S0,1
30,udp,1162,430,SF,3
39,tcp,4881,191,REJ,4
71,tcp,8735,335,S0,1
62,tcp,5696,15,S0,1
85,tcp,7387,55,S0,1
18,udp,2560,1089,SF,0
73,tcp,6452,308,S0,1
40,tcp,2368,289,REJ,4
33,icmp,2452,644,REJ,2
49,icmp,1204,631,REJ,2
59,tcp,9680,230,S0,1
4,udp,875,1381,SF,0
14,tcp,3067,168,REJ,4
96,tcp,8647,384,S0,1
58,tcp,7723,178,S0,1
1,udp,1292,2311,SF,0
50,tcp,5388,205,S0,1
26,udp,651,377,SF,3
41,icmp,1551,521,REJ,2
46,icmp,1861,803,REJ,2
78,tcp,5932,63,S0,1
71,tcp,7822,280,S0,1
9,icmp,485,1879,SF,0
7,udp,1086,459,SF,3
6,udp,2274,1274,SF,0
6,udp,1173,2232,SF,0
87,tcp,6380,335,S0,1
23,udp,1057,190,SF,3
12,tcp,347,784,SF,0
15,udp,1210,141,SF,3
11,icmp,2848,2914,SF,0
21,udp,1119,348,SF,3
35,icmp,1840,754,REJ,2
18,icmp,1397,1418,SF,0
51,tcp,8188,198,S0,1
8,udp,1946,479,SF,3
6,icmp,1502,2998,SF,0
10,icmp,2087,1587,SF,0
66,tcp,7752,360,S0,1
19,tcp,918,1449,SF,0
49,icmp,1239,171,REJ,2
5,icmp,2931,894,SF,0
16,icmp,667,2286,SF,0
6,udp,2137,2012,SF,0
17,tcp,1276,2388,SF,0
13,tcp,128,2007,SF,0
10,udp,1125,680,SF,0
6,icmp,2277,977,SF,0
11,icmp,865,2047,SF,0
8,udp,2040,2548,SF,0
7,icmp,880,531,SF,0
15,udp,1608,2004,SF,0
17,tcp,570,111,SF,0
5,icmp,1431,1735,SF,0
7,udp,214,2674,SF,0
8,udp,255,1417,SF,0
80,tcp,8732,195,S0,1
7,tcp,1939,2261,SF,0
1,icmp,509,632,SF,0
23,udp,1246,484,SF,3
23,icmp,2676,341,REJ,2
7,tcp,968,1955,SF,0
25,udp,1752,118,SF,3
5,tcp,1426,945,SF,0
15,tcp,216,1267,SF,0
85,tcp,6943,211,S0,1
19,udp,2836,2339,SF,0
89,tcp,5699,351,S0,1
83,tcp,7741,105,S0,1
79,tcp,7228,304,S0,1
2,tcp,498,1533,SF,0
7,icmp,1592,1926,SF,0
16,icmp,2423,2544,SF,0
10,tcp,2363,178,REJ,4
16,tcp,910,2371,SF,0
48,icmp,1936,951,REJ,2
1,tcp,1084,1836,SF,0
20,icmp,742,178,SF,0
9,icmp,1172,2319,SF,0
22,icmp,1225,892,REJ,2
4,tcp,313,1002,SF,0
73,tcp,6930,379,S0,1
24,tcp,4690,115,REJ,4
9,icmp,1429,2946,SF,0
16,udp,1824,483,SF,0
90,tcp,9212,245,S0,1
27,udp,1262,269,SF,3
54,tcp,7057,43,S0,1
25,tcp,4897,91,REJ,4
55,tcp,6195,244,S0,1
19,tcp,1817,176,SF,0
54,tcp,6667,121,S0,1
7,icmp,1090,2318,SF,0
27,icmp,3477,789,REJ,2
21,icmp,2243,410,REJ,2
8,udp,1217,317,SF,3
77,tcp,9892,282,S0,1
23,udp,1694,395,SF,3
5,udp,1698,2698,SF,0
73,tcp,7140,165,S0,1
24,udp,762,201,SF,3
36,icmp,3723,887,REJ,2
20,icmp,414,250,SF,0
15,tcp,1519,1415,SF,0
11,udp,1085,490,SF,3
32,icmp,2973,436,REJ,2
20,udp,1993,1357,SF,0
11,icmp,556,2881,SF,0
2,udp,631,1049,SF,0
96,tcp,6803,106,S0,1
11,icmp,2019,675,SF,0
59,tcp,9646,3,S0,1
2,icmp,682,154,SF,0
22,udp,808,281,SF,3
40,icmp,2572,418,REJ,2
29,icmp,2838,627,REJ,2
31,icmp,3776,853,REJ,2
14,tcp,533,1580,SF,0
84,tcp,8969,112,S0,1
17,udp,1739,428,SF,3
25,udp,953,155,SF,3
16,tcp,1651,1771,SF,0
95,tcp,9965,182,S0,1
8,tcp,740,2522,SF,0
11,udp,1727,2791,SF,0
66,tcp,9452,108,S0,1
13,icmp,152,468,SF,0
17,udp,245,792,SF,0
10,icmp,247,917,SF,0
5,udp,1204,2212,SF,0
6,tcp,168,2971,SF,0
82,tcp,6433,128,S0,1
73,tcp,7604,51,S0,1
87,tcp,8986,36,S0,1
6,tcp,1461,1748,SF,0
61,tcp,9024,214,S0,1
51,tcp,5689,214,S0,1
53,tcp,5667,194,S0,1
17,tcp,3700,128,REJ,4
23,icmp,3698,314,REJ,2
2,tcp,720,753,SF,0
7,tcp,2103,2355,SF,0
7,udp,1415,127,SF,3
56,tcp,5645,46,S0,1
35,icmp,3072,146,REJ,2
15,tcp,2848,76,REJ,4
30,icmp,1317,573,REJ,2
16,icmp,2852,1219,SF,0
7,udp,1264,1366,SF,0
1,icmp,2354,868,SF,0
18,udp,2243,923,SF,0
16,tcp,1191,2306,SF,0
28,udp,1885,154,SF,3
88,tcp,8334,475,S0,1
11,tcp,1806,2736,SF,0
26,udp,1198,110,SF,3
94,tcp,8646,156,S0,1
18,udp,2915,2282,SF,0
89,tcp,8242,193,S0,1
24,tcp,4592,28,REJ,4
10,udp,948,213,SF,3
88,tcp,9010,139,S0,1
36,icmp,3973,263,REJ,2
77,tcp,7621,248,S0,1
18,udp,337,309,SF,0
7,udp,871,2686,SF,0
26,udp,726,109,SF,3
22,udp,1255,495,SF,3
74,tcp,8018,322,S0,1
30,udp,1571,167,SF,3
17,icmp,1583,2647,SF,0
21,icmp,1363,267,REJ,2
17,udp,1575,158,SF,3
50,icmp,3542,109,REJ,2
17,icmp,705,1096,SF,0
48,icmp,2370,915,REJ,2
2,tcp,723,2095,SF,0
11,icmp,1054,1553,SF,0
3,tcp,674,1138,SF,0
83,tcp,9066,281,S0,1
16,udp,1244,1528,SF,0
12,tcp,583,2860,SF,0
85,tcp,5572,346,S0,1
17,udp,1957,251,SF,3
14,icmp,416,2677,SF,0
12,tcp,5148,102,REJ,4
15,tcp,1763,2196,SF,0
14,tcp,3474,65,REJ,4
8,tcp,2796,840,SF,0
12,udp,2344,2616,SF,0
95,tcp,6393,398,S0,1
14,udp,1340,417,SF,0
91,tcp,7135,72,S0,1
94,tcp,7937,178,S0,1
24,tcp,5488,141,REJ,4
19,udp,1392,275,SF,3
12,tcp,4310,43,REJ,4
27,icmp,3305,392,REJ,2
23,icmp,3860,92,REJ,2
19,tcp,3952,225,REJ,4
7,udp,2061,2935,SF,0
4,tcp,1346,2925,SF,0
23,udp,884,108,SF,3
2,udp,736,2573,SF,0
11,udp,2583,1322,SF,0
33,icmp,2017,585,REJ,2
41,icmp,2461,858,REJ,2
9,udp,1024,377,SF,3
5,udp,1361,393,SF,3
57,tcp,9492,264,S0,1
55,tcp,9616,99,S0,1
92,tcp,7202,75,S0,1
59,tcp,6443,197,S0,1
9,icmp,641,326,SF,0
46,icmp,3134,349,REJ,2
12,tcp,537,1987,SF,0
14,udp,1764,2905,SF,0
31,tcp,5243,277,REJ,4
45,icmp,3607,69,REJ,2
45,icmp,2078,54,REJ,2
4,udp,2174,2828,SF,0
30,icmp,3896,109,REJ,2
15,icmp,300,2786,SF,0
19,tcp,3614,173,REJ,4
17,udp,693,195,SF,3
31,icmp,1256,53,REJ,2
5,icmp,2881,2991,SF,0
88,tcp,6292,119,S0,1
13,udp,2672,2076,SF,0
20,udp,1644,1104,SF,0
20,icmp,1832,1242,SF,0
88,tcp,7484,240,S0,1
19,tcp,1986,515,SF,0
5,tcp,1846,2967,SF,0
31,icmp,3412,424,REJ,2
10,udp,1115,324,SF,3
99,tcp,7215,416,S0,1
20,icmp,3361,135,REJ,2
17,icmp,1646,2633,SF,0
36,icmp,2268,806,REJ,2
17,udp,168,293,SF,0
42,icmp,3559,604,REJ,2
77,tcp,9626,130,S0,1
5,icmp,634,1975,SF,0
3,icmp,2763,1773,SF,0
20,tcp,2256,569,SF,0
10,tcp,505,2572,SF,0
3,udp,2011,1718,SF,0
60,tcp,9067,155,S0,1
82,tcp,9022,269,S0,1
5,udp,1126,145,SF,3
37,icmp,3327,206,REJ,2
74,tcp,9870,182,S0,1
84,tcp,9658,328,S0,1
26,tcp,4938,62,REJ,4
6,icmp,2205,2564,SF,0
2,icmp,1803,206,SF,0
69,tcp,8299,170,S0,1
43,icmp,2718,832,REJ,2
13,udp,1738,245,SF,3
27,icmp,1157,408,REJ,2
93,tcp,6131,393,S0,1
96,tcp,8924,338,S0,1
30,icmp,1023,652,REJ,2
34,icmp,3714,896,REJ,2
13,icmp,1878,250,SF,0
31,tcp,3785,70,REJ,4
23,udp,1725,366,SF,3
16,udp,1553,607,SF,0
31,icmp,3397,780,REJ,2
84,tcp,9910,476,S0,1
100,tcp,9338,346,S0,1
16,icmp,2780,325,SF,0
3,icmp,1813,2606,SF,0
18,udp,1545,498,SF,3
63,tcp,6693,476,S0,1
41,icmp,2254,986,REJ,2
99,tcp,8442,149,S0,1
42,icmp,2835,628,REJ,2
79,tcp,7223,279,S0,1
66,tcp,5789,122,S0,1
68,tcp,6612,138,S0,1
25,icmp,1140,679,REJ,2
96,tcp,8606,98,S0,1
9,icmp,1788,1621,SF,0
22,tcp,5528,297,REJ,4
12,tcp,2214,2816,SF,0
20,udp,1964,332,SF,3
31,tcp,5956,19,REJ,4
2,tcp,624,1882,SF,0
10,icmp,1121,2675,SF,0
20,icmp,826,2604,SF,0
40,tcp,5395,23,REJ,4
17,icmp,2099,1125,SF,0
13,tcp,243,772,SF,0
3,udp,1576,1570,SF,0
96,tcp,5081,99,S0,1
11,udp,2739,669,SF,0
17,udp,2354,2187,SF,0
97,tcp,7596,223,S0,1
66,tcp,8244,246,S0,1
5,udp,834,2135,SF,0
13,tcp,1203,160,SF,0
16,tcp,2167,449,SF,0
20,udp,724,2104,SF,0
14,tcp,1729,2713,SF,0
9,udp,1498,361,SF,3
81,tcp,8915,0,S0,1
49,icmp,3545,507,REJ,2
8,icmp,1846,1075,SF,0
51,tcp,5447,241,S0,1
10,udp,1454,1080,SF,0
21,udp,958,375,SF,3
17,udp,182,1446,SF,0
12,udp,2005,600,SF,0
56,tcp,8326,498,S0,1
13,udp,291,2934,SF,0
81,tcp,6598,449,S0,1
42,icmp,1854,383,REJ,2
43,icmp,3568,205,REJ,2
86,tcp,9563,17,S0,1
15,udp,2678,872,SF,0
8,udp,878,116,SF,3
19,udp,1552,480,SF,3
15,tcp,982,1278,SF,0
2,icmp,1873,477,SF,0
7,tcp,2739,497,SF,0
5,udp,2325,1382,SF,0
13,icmp,1442,1778,SF,0
32,icmp,3754,242,REJ,2
22,udp,527,126,SF,3
11,udp,1310,1060,SF,0
12,tcp,789,2017,SF,0
21,udp,1108,411,SF,3
45,icmp,1442,555,REJ,2
66,tcp,5001,180,S0,1
1,tcp,2649,1933,SF,0
3,icmp,1925,1917,SF,0
17,tcp,495,1782,SF,0
12,udp,2195,929,SF,0
66,tcp,8616,346,S0,1
11,icmp,1150,670,SF,0
24,icmp,1836,878,REJ,2
65,tcp,8778,320,S0,1
27,tcp,3659,82,REJ,4
13,icmp,491,2337,SF,0
41,icmp,3014,503,REJ,2
19,tcp,1842,2749,SF,0
28,icmp,1372,396,REJ,2
8,udp,552,2547,SF,0
4,tcp,378,1270,SF,0
16,icmp,139,607,SF,0
20,icmp,2592,143,REJ,2
18,tcp,1266,997,SF,0
8,udp,1372,823,SF,0
86,tcp,7730,198,S0,1
91,tcp,6813,401,S0,1
12,udp,868,376,SF,3
95,tcp,7703,62,S0,1
44,icmp,3798,557,REJ,2
72,tcp,8387,185,S0,1
44,icmp,3305,965,REJ,2
6,tcp,2154,2471,SF,0
64,tcp,5377,233,S0,1
39,tcp,5850,161,REJ,4
7,tcp,441,2715,SF,0
74,tcp,8313,480,S0,1
27,udp,1602,350,SF,3
85,tcp,6995,188,S0,1
47,icmp,1299,718,REJ,2
47,icmp,2160,264,REJ,2
6,icmp,2122,2704,SF,0
17,tcp,1529,1118,SF,0
9,udp,2205,2593,SF,0
18,icmp,1004,2072,SF,0
88,tcp,8189,280,S0,1
25,tcp,5471,206,REJ,4
17,icmp,611,511,SF,0
23,udp,1214,470,SF,3
18,icmp,494,2921,SF,0
